delete from UserLegendary;
delete from Task;
delete from LegendaryPrimaryItem;
delete from PrimaryItem;
delete from Legendary;
delete from UserRole;
delete from User;
INSERT into Legendary (id, name, type) values(1, 'Bolt', 'Sword');
INSERT into Legendary (id, name, type) values(2, 'The Shining Blade', 'Sword');
INSERT into Legendary (id, name, type) values(3, 'Chuka and Champawat', 'Shortbow');
INSERT into Legendary (id, name, type) values(4, 'Sharur', 'Hammer');
INSERT into Legendary (id, name, type) values(5, 'Astralaria', 'Axe');
INSERT into Legendary (id, name, type) values(6, 'The Minstrel', 'Focus');
INSERT into Legendary (id, name, type) values(7, 'The Binding of Ipos', 'Focus');
insert into PrimaryItem (id, name) VALUES(1, 'Save the Queen');
insert into PrimaryItem (id, name) VALUES(2, 'Gift of the Blade');
insert into PrimaryItem (id, name) VALUES(3, 'Gift of Maguuma Mastery');
insert into PrimaryItem (id, name) VALUES(4, 'Mystic Tribute');
insert into LegendaryPrimaryItem (id, legendaryId, primaryItemId) VALUES(1, 2, 1);
insert into LegendaryPrimaryItem (id, legendaryId, primaryItemId) VALUES(2, 2, 2);
insert into LegendaryPrimaryItem (id, legendaryId, primaryItemId) VALUES(3, 2, 3);
insert into LegendaryPrimaryItem (id, legendaryId, primaryItemId) VALUES(4, 2, 4);
insert into User VALUES(1, 'silkie', 'rabbitscream');
insert into User VALUES(2, 'lex', 'cocoahooves');
insert into User VALUES(3, 'saint', 'believeincrimson');
insert into User VALUES(4, 'kasperlock', 'iameverywhere');
insert into UserRole VALUES (1, 1, 'admin', 'silkie');
insert into UserRole VALUES (2, 2, 'user', 'lex');
insert into UserRole VALUES (3, 3, 'user', 'saint');
insert into UserRole VALUES (4, 4, 'user', 'kasperlock');
insert into Task (id, name, description, legendaryPrimaryItemId) VALUES (1, 'Gift of Maguuma', 'Combine Gift of the Jungle, Gift of the Chak, Gift of Tarir, and Gift of the Fleet together in the Mystic Forge.', 3);
insert into Task (id, name, description, legendaryPrimaryItemId) VALUES (2, 'Gift of Insights', 'Mystic Forge Recipe', 3);
insert into Task (id, name, description, legendaryPrimaryItemId) VALUES (3, 'Bloodstone Shard', 'Purchased from Miyani or any Mystic Forge Attendant for 200 Spirit Shards.', 3);
insert into Task (id, name, description, legendaryPrimaryItemId, quantity) VALUES (4, 'Crystalline Ingot', 'recipe', 3, 250);
INSERT INTO UserLegendary (id, userId, legendaryId) VALUES (1, 1,2);
INSERT INTO UserLegendary (id, userId, legendaryId) VALUES (2, 2,2);
INSERT INTO UserLegendary (id, userId, legendaryId) VALUES (3, 2,7);
INSERT INTO UserLegendary (id, userId, legendaryId) VALUES (4, 4,7);
INSERT INTO UserLegendaryPrimaryItem (id, userId, legendaryPrimaryItemId) VALUES (1, 1, 1);
INSERT INTO UserLegendaryPrimaryItem (id, userId, legendaryPrimaryItemId) VALUES (2, 2, 1);
INSERT INTO UserLegendaryPrimaryItem (id, userId, legendaryPrimaryItemId) VALUES (3, 2, 2);
INSERT INTO UserLegendaryPrimaryItem (id, userId, legendaryPrimaryItemId) VALUES (4, 2, 3);
INSERT INTO UserLegendaryPrimaryItem (id, userId, legendaryPrimaryItemId) VALUES (5, 2, 4);
INSERT INTO UserLegendaryPrimaryItemTask (id, userLegendaryPrimaryItemId, taskId) VALUES (1, 1, 1);
INSERT INTO UserLegendaryPrimaryItemTask (id, userLegendaryPrimaryItemId, taskId) VALUES (2, 2, 1);
INSERT INTO UserLegendaryPrimaryItemTask (id, userLegendaryPrimaryItemId, taskId) VALUES (3, 2, 2);
INSERT INTO UserLegendaryPrimaryItemTask (id, userLegendaryPrimaryItemId, taskId) VALUES (4, 2, 3);
INSERT INTO UserLegendaryPrimaryItemTask (id, userLegendaryPrimaryItemId, taskId) VALUES (5, 2, 4);


